originalScore,sentence,compoundScore,positiveScore,neutralScore,negativeScore
4,"@stellargirl I loooooooovvvvvveee my Kindle2. Not that the DX is cool, but the 2 is fantastic in its own right.",0.5695,0.268,0.614,0.117
4,Reading my kindle2...  Love it... Lee childs is good read.,0.7964,0.47,0.53,0.0
4,"Ok, first assesment of the #kindle2 ...it fucking rocks!!!",0.4724,0.278,0.722,0.0
4,@kenburbary You'll love your Kindle2. I've had mine for a few months and never looked back. The new big one is huge! No need for remorse! :),0.7772,0.285,0.593,0.122
4,@mikefish  Fair enough. But i have the Kindle2 and I think it's perfect  :),0.8402,0.5,0.5,0.0
4,@richardebaker no. it is too big. I'm quite happy with the Kindle2.,0.4201,0.247,0.618,0.136
0,Fuck this economy. I hate aig and their non loan given asses.,-0.802,0.0,0.556,0.444
4,Jquery is my new best friend.,0.8126,0.649,0.351,0.0
4,Loves twitter,0.5719,0.787,0.213,0.0
4,how can you not love Obama? he makes jokes about himself.,-0.3331,0.139,0.626,0.234
2,Check this video out -- President Obama at the White House Correspondents' Dinner http://bit.ly/IMXUM,0.0,0.0,1.0,0.0
0,"@Karoli I firmly believe that Obama/Pelosi have ZERO desire to be civil.  It's a charade and a slogan, but they want to destroy conservatism",-0.5346,0.127,0.691,0.182
4,"House Correspondents dinner was last night whoopi, barbara &amp; sherri went, Obama got a standing ovation",0.0,0.0,1.0,0.0
4,Watchin Espn..Jus seen this new Nike Commerical with a Puppet Lebron..sh*t was hilarious...LMAO!!!,0.0,0.0,1.0,0.0
0,"dear nike, stop with the flywire. that shit is a waste of science. and ugly. love, @vincentx24x",-0.6249,0.237,0.348,0.415
4,"#lebron best athlete of our generation, if not all time (basketball related) I don't want to get into inter-sport debates about   __1/2",0.6096,0.172,0.778,0.05
0,I was talking to this guy last night and he was telling me that he is a die hard Spurs fan.  He also told me that he hates LeBron James.,-0.7096,0.067,0.696,0.238
4,i love lebron. http://bit.ly/PdHur,0.6369,0.677,0.323,0.0
0,"@ludajuice Lebron is a Beast, but I'm still cheering 4 the A..til the end.",0.6652,0.288,0.712,0.0
4,@Pmillzz lebron IS THE BOSS,0.0,0.0,1.0,0.0
4,"@sketchbug Lebron is a hometown hero to me, lol I love the Lakers but let's go Cavs, lol",0.8591,0.467,0.533,0.0
4,lebron and zydrunas are such an awesome duo,0.6249,0.369,0.631,0.0
4,@wordwhizkid Lebron is a beast... nobody in the NBA comes even close.,0.0,0.0,1.0,0.0
4,downloading apps for my iphone! So much fun :-) There literally is an app for just about anything.,0.7531,0.287,0.713,0.0
4,"good news, just had a call from the Visa office, saying everything is fine.....what a relief! I am sick of scams out there! Stealing!",-0.7701,0.178,0.475,0.347
4,http://twurl.nl/epkr4b - awesome come back from @biz (via @fredwilson),0.6249,0.369,0.631,0.0
4,In montreal for a long weekend of R&amp;R. Much needed.,0.0,0.0,1.0,0.0
4,Booz Allen Hamilton has a bad ass homegrown social collaboration platform. Way cool!  #ttiv,0.7644,0.432,0.568,0.0
4,[#MLUC09] Customer Innovation Award Winner: Booz Allen Hamilton -- http://ping.fm/c2hPP,0.872,0.586,0.414,0.0
4,"@SoChi2 I current use the Nikon D90 and love it, but not as much as the Canon 40D/50D. I chose the D90 for the  video feature. My mistake.",-0.128,0.088,0.808,0.104
2,need suggestions for a good IR filter for my canon 40D ... got some? pls DM,0.4939,0.244,0.756,0.0
2,@surfit: I just checked my google for my business- blip shows up as the second entry! Huh. Is that a good or ba... ? http://blip.fm/~6emhv,0.4926,0.132,0.868,0.0
4,"@phyreman9 Google is always a good place to look. Should've mentioned I worked on the Mustang w/ my Dad, @KimbleT.",0.4404,0.146,0.854,0.0
0,Played with an android google phone. The slide out screen scares me I would break that fucker so fast. Still prefer my iPhone.,-0.6486,0.085,0.676,0.238
0,US planning to resume the military tribunals at Guantanamo Bay... only this time those on trial will be AIG execs and Chrysler debt holders,-0.3612,0.0,0.902,0.098
0,omg so bored &amp; my tattoooos are so itchy!!  help! aha =),0.4442,0.349,0.396,0.254
0,I'm itchy and miserable!,-0.68,0.0,0.263,0.737
0,"@sekseemess no. I'm not itchy for now. Maybe later, lol.",0.343,0.334,0.507,0.159
4,RT @jessverr I love the nerdy Stanford human biology videos - makes me miss school. http://bit.ly/13t7NR,0.5267,0.233,0.611,0.156
4,"@spinuzzi: Has been a bit crazy, with steep learning curve, but LyX is really good for long docs. For anything shorter, it would be insane.",0.0102,0.14,0.688,0.172
4,"I'm listening to P.Y.T by Danny Gokey &lt;3 &lt;3 &lt;3 Aww, he's so amazing. I &lt;3 him so much :)",0.846,0.324,0.676,0.0
4,is going to sleep then on a bike ride:],0.0,0.0,1.0,0.0
0,cant sleep... my tooth is aching.,-0.4939,0.0,0.61,0.39
0,"Blah, blah, blah same old same old. No plans today, going back to sleep I guess.",-0.5267,0.0,0.632,0.368
0,"glad i didnt do Bay to Breakers today, it's 1000 freaking degrees in San Francisco wtf",-0.5574,0.139,0.556,0.306
2,is in San Francisco at Bay to Breakers.,0.0,0.0,1.0,0.0
2,just landed at San Francisco,0.0,0.0,1.0,0.0
2,San Francisco today.  Any suggestions?,0.0,0.0,1.0,0.0
0,?Obama Administration Must Stop Bonuses to AIG Ponzi Schemers ... http://bit.ly/2CUIg,0.34,0.243,0.608,0.149
0,started to think that Citi is in really deep s&amp;^t. Are they gonna survive the turmoil or are they gonna be the next AIG?,-0.3612,0.0,0.902,0.098
0,ShaunWoo hate'n on AiG,0.0,0.0,1.0,0.0
4,@YarnThing you will not regret going to see Star Trek. It was AWESOME!,0.8155,0.404,0.596,0.0
2,On my way to see Star Trek @ The Esquire.,0.0,0.0,1.0,0.0
2,Going to see star trek soon with my dad.,0.0,0.0,1.0,0.0
0,annoying new trend on the internets:  people picking apart michael lewis and malcolm gladwell.  nobody wants to read that.,-0.4019,0.0,0.87,0.13
2,Bill Simmons in conversation with Malcolm Gladwell http://bit.ly/j9o50,0.0,0.0,1.0,0.0
4,Highly recommend: http://tinyurl.com/HowDavidBeatsGoliath by Malcolm Gladwell,0.4201,0.358,0.642,0.0
4,Blink by malcolm gladwell amazing book and The tipping point!,0.6239,0.313,0.687,0.0
4,Malcolm Gladwell might be my new man crush,-0.1531,0.0,0.814,0.186
0,omg. The commercials alone on ESPN are going to drive me nuts.,-0.5106,0.0,0.699,0.301
4,@robmalon Playing with Twitter API sounds fun.  May need to take a class or find a new friend who like to generate results with API code.,0.8689,0.351,0.649,0.0
2,playing with cURL and the Twitter API,0.2023,0.231,0.769,0.0
4,Hello Twitter API ;),0.2263,0.388,0.612,0.0
2,playing with Java and the Twitter API,0.2023,0.231,0.769,0.0
0,@morind45 Because the twitter api is slow and most client's aren't good.,-0.3959,0.0,0.805,0.195
0,yahoo answers can be a butt sometimes,0.0,0.0,1.0,0.0
4,is scrapbooking with Nic =D,0.6166,0.502,0.498,0.0
4,RT @mashable: Five Things Wolfram Alpha Does Better (And Vastly Different) Than Google - http://bit.ly/6nSnR,0.4404,0.182,0.818,0.0
4,just changed my default pic to a Nike basketball cause bball is awesome!!!!!,0.0,0.0,1.0,0.0
2,"Nike owns NBA Playoffs ads w/ LeBron, Kobe, Carmelo? http://ow.ly/7Uiy  #Adidas #Billups #Howard  #Marketing #Branding",0.0,0.0,1.0,0.0
2,"'Next time, I'll call myself Nike'",0.0,0.0,1.0,0.0
2,New blog post: Nike SB Dunk Low Premium 'White Gum' http://tr.im/lOtT,-0.2732,0.0,0.826,0.174
0,RT @SmartChickPDX: Was just told that Nike layoffs started today :-(,-0.3612,0.0,0.8,0.2
4,Back when I worked for Nike we had one fav word : JUST DO IT! :),0.7424,0.344,0.656,0.0
4,"By the way, I'm totally inspired by this freaky Nike commercial: http://snurl.com/icgj9",0.2484,0.218,0.625,0.156
2,"giving weka an app engine interface, using the bird strike data for the tests, the logo is a given.",0.2263,0.121,0.804,0.075
2,"Brand New Canon EOS 50D 15MP DSLR Camera Canon 17-85mm IS Lens ...: Web Technology Thread, Brand New Canon EOS 5.. http://u.mavrev.com/5a3t",0.0,0.0,1.0,0.0
4,Class... The 50d is supposed to come today :),0.4588,0.273,0.727,0.0
0,needs someone to explain lambda calculus to him! :(,-0.4926,0.0,0.715,0.285
0,Took the Graduate Field Exam for Computer Science today.  Nothing makes you feel like more of an idiot than lambda calculus.,-0.2648,0.1,0.758,0.142
4,SHOUT OUTS TO ALL EAST PALO ALTO FOR BEING IN THE BUILDIN KARIZMAKAZE 50CAL GTA! ALSO THANKS TO PROFITS OF DOOM UNIVERSAL HEMPZ CRACKA......,0.5255,0.204,0.705,0.091
0,"@legalgeekery Yeahhhhhhhhh, I wouldn't really have lived in East Palo Alto if I could have avoided it.  I guess it's only for the summer.",-0.34,0.0,0.893,0.107
4,@accannis @edog1203 Great Stanford course. Thanks for making it available to the public! Really helpful and informative for starting off!,0.8928,0.386,0.614,0.0
2,"NVIDIA Names Stanford's Bill Dally Chief Scientist, VP Of Research http://bit.ly/Fvvg9",0.0,0.0,1.0,0.0
2,New blog post: Harvard Versus Stanford - Who Wins? http://bit.ly/MCoCo,0.5719,0.316,0.684,0.0
4,@ work til 6pm... lets go lakers!!!,0.0,0.0,1.0,0.0
0,Damn you North Korea. http://bit.ly/KtMeQ,-0.4019,0.0,0.597,0.403
0,Can we just go ahead and blow North Korea off the map already?,0.0,0.0,1.0,0.0
0,"North Korea, please cease this douchebaggery. China doesn't even like you anymore. http://bit.ly/NeHSl",0.049,0.149,0.714,0.137
0,Why the hell is Pelosi in freakin China? and on whose dime?,-0.7149,0.0,0.689,0.311
0,Are YOU burning more cash $$$ than Chrysler and GM? Stop the financial tsunami. Where bailout means taking a handout!,-0.4389,0.0,0.814,0.186
0,insects have infected my spinach plant :(,-0.7269,0.0,0.45,0.55
0,wish i could catch every mosquito in the world n burn em slowly.they been bitin the shit outta me 2day.mosquitos are the assholes of insects,0.4404,0.22,0.656,0.125
0,"just got back from church, and I totally hate insects.",-0.6115,0.0,0.667,0.333
0,Just got mcdonalds goddam those eggs make me sick. O yeah Laker up date go lakers. Not much of an update? Well it's true so suck it,-0.6642,0.189,0.531,0.28
4,omgg i ohhdee want mcdonalds damn i wonder if its open lol =],0.4588,0.409,0.427,0.165
0,History exam studying ugh,-0.4215,0.0,0.517,0.483
0,"I hate revision, it's so boring! I am totally unprepared for my exam tomorrow :( Things are not looking good...",-0.8715,0.0,0.603,0.397
0,"Higher physics exam tommorow, not lookin forward to it much :(",-0.4404,0.0,0.775,0.225
0,"It's a bank holiday, yet I'm only out of work now. Exam season sucks:(",0.4019,0.184,0.816,0.0
0,Cheney and Bush are the real culprits - http://fwix.com/article/939496,0.0,0.0,1.0,0.0
0,Life?s a bitch? and so is Dick Cheney. #p2 #bipart #tlot #tcot #hhrs #GOP #DNC http://is.gd/DjyQ,-0.8289,0.0,0.627,0.373
0,"Dick Cheney's dishonest speech about torture, terror, and Obama. -Fred Kaplan Slate. http://is.gd/DiHg",-0.936,0.0,0.386,0.614
0,"The Republican party is a bunch of anti-abortion zealots who couldn't draw flies to a dump. -- Neal Boortz (just now, on the radio)",-0.1779,0.103,0.728,0.169
0,is Twitter's connections API broken? Some tweets didn't make it to Twitter...,-0.4767,0.0,0.78,0.22
0,"i srsly hate the stupid twitter API timeout thing, soooo annoying!!!!! :(",-0.9036,0.0,0.417,0.583
4,@psychemedia I really liked @kswedberg's Learning jQuery book. http://bit.ly/pg0lT is worth a look too,0.6115,0.333,0.667,0.0
2,jQuery UI 1.6 Book Review - http://cfbloggers.org/?c=30631,0.0,0.0,1.0,0.0
4,"Very Interesting Ad from Adobe by Goodby, Silverstein &amp; Partners - YouTube - Adobe CS4: Le Sens Propre http://bit.ly/VprpT",0.4576,0.158,0.842,0.0
4,Goodby Silverstein agency new site! http://www.goodbysilverstein.com/ Great!,0.6892,0.438,0.562,0.0
4,"RT @designplay Goodby, Silverstein's new site: http://www.goodbysilverstein.com/ I enjoy it. *nice find!*",0.5411,0.259,0.741,0.0
4,The ever amazing Psyop and Goodby Silverstein &amp; Partners for HP! http://bit.ly/g2rU8 Have to go play with After Effects now!,0.7772,0.274,0.726,0.0
4,top ten most watched on Viral-Video Chart.  Love the nike #mostvaluablepuppets campaign from Wieden &amp; Kennedy http://bit.ly/nR1n9,0.7184,0.286,0.714,0.0
4,zomg!!! I have a G2!!!!!!!,0.0,0.0,1.0,0.0
4,Ok so lots of buzz from IO2009 but how lucky are they - a Free G2!! http://is.gd/Hyzl,0.8843,0.463,0.537,0.0
4,just got a free G2 android at google i/o!!!,0.6341,0.374,0.626,0.0
4,Guess I'll be retiring my G1 and start using my developer G2 woot #googleio,0.7125,0.331,0.669,0.0
2,At GWT fireside chat @googleio,0.0,0.0,1.0,0.0
4,I am happy for Philip being at GoogleIO today,0.5719,0.346,0.654,0.0
4,Lakers played great!  Cannot wait for Thursday night Lakers vs. ???,0.8091,0.449,0.551,0.0
2,"Hi there, does anyone have a great source for advice on viral marketing?... http://link.gs/YtZ8",0.6249,0.255,0.745,0.0
4,Judd Apatow creates fake sitcom on NBC.com to market his new movie... viral marketing at its best. http://is.gd/K0yK,0.4939,0.258,0.615,0.127
2,"Here's A case study on how to use viral marketing to add over 10,000 people to your list http://snipr.com/i50oz",0.0,0.0,1.0,0.0
0,VIRAL MARKETING FAIL. This Acia Pills brand oughta get shut down for hacking into people's messenger's.  i get 5-6 msgs in a day! Arrrgh!,-0.7019,0.0,0.813,0.187
4,watching Night at The Museum . Lmao,0.5994,0.438,0.562,0.0
4,i loved night at the museum!!!,0.6981,0.544,0.456,0.0
2,going to see the new night at the museum  movie with my family oh boy a three year old in the movies fuin,0.0,0.0,1.0,0.0
4,just got back from the movies.  went to see the new night at the museum with rachel.  it was good,0.4404,0.132,0.868,0.0
2,Just saw the new Night at the Museum movie...it was...okay...lol 7\10,0.0,0.0,1.0,0.0
2,Going to see night at the museum 2 with tall boy,0.0,0.0,1.0,0.0
4,@shannyoday I will take you on a date to see night at the museum 2 whenever you want...it looks soooooo good,0.4404,0.146,0.854,0.0
4,no watching The Night At The Museum. Getting Really Good,0.2484,0.238,0.597,0.164
4,"Night at the Museum, Wolverine and junk food - perfect monday!",0.6114,0.307,0.693,0.0
4,saw night at the museum 2 last night.. pretty crazy movie.. but the cast was awesome so it was well worth it. Robin Williams forever!,0.9142,0.394,0.557,0.05
2,I saw Night at the Museum: Battle of the Swithsonian today. It was okay. Your typical [kids] Ben Stiller movie.,-0.1779,0.088,0.791,0.121
2,Taking Katie to see Night at the Museum.  (she picked it),0.0,0.0,1.0,0.0
0,Night at the Museum tonite instead of UP. :( oh well. that 4 yr old better enjoy it. LOL,0.8331,0.425,0.47,0.105
2,GM says expects announcment on sale of Hummer soon - Reuters: WDSUGM says expects announcment on sale of Hummer .. http://bit.ly/4E1Fv,0.0,0.0,1.0,0.0
0,It's unfortunate that after the Stimulus plan was put in place twice to help GM on the back of the American people has led to the inevitable,-0.0772,0.088,0.814,0.098
0,Tell me again why we are giving more $$ to GM?? We should use that $ for all the programs that support the unemployed.,0.6662,0.206,0.794,0.0
0,@jdreiss oh yes but if GM dies it will only be worth more boo hahaha,0.8597,0.442,0.558,0.0
0,Time Warner cable is down again 3rd time since Memorial Day bummer!,-0.4389,0.0,0.792,0.208
0,"I would rather pay reasonable yearly taxes for free fast internet, than get gouged by Time Warner for a slow connection.",0.4404,0.152,0.783,0.065
0,NOOOOOOO my DVR just died and I was only half way through the EA presser. Hate you Time Warner,-0.8074,0.0,0.687,0.313
0,F*ck Time Warner Cable!!! You f*cking suck balls!!! I have a $700 HD tv &amp; my damn HD channels hardly ever come in. Bullshit!!,-0.8902,0.0,0.643,0.357
0,time warner has the worse customer service ever. I will never use them again,-0.4767,0.0,0.795,0.205
0,Time warner is the devil. Worst possible time for the Internet to go out.,-0.8591,0.0,0.585,0.415
0,Fuck no internet damn time warner!,-0.8268,0.0,0.257,0.743
0,time warner really picks the worst time to not work. all i want to do is get to mtv.com so i can watch the hills. wtfffff.,-0.6794,0.0,0.798,0.202
0,I hate Time Warner! Soooo wish I had Vios. Cant watch the fricken Mets game w/o buffering. I feel like im watching free internet porn.,0.6239,0.288,0.59,0.121
0,Ahh...got rid of stupid time warner today &amp; now taking a nap while the roomies cook for me. Pretty good end for a monday :),0.6908,0.289,0.603,0.108
0,Time Warner's HD line up is crap.,-0.3818,0.0,0.698,0.302
0,is being fucked by time warner cable. didnt know modems could explode. and Susan Boyle sucks too!,-0.8016,0.0,0.676,0.324
2,Time Warner Cable Pulls the Plug on 'The Girlfriend Experience' - (www.tinyurl.com/m595fk),0.0,0.0,1.0,0.0
0,Time Warner Cable slogan: Where calling it a day at 2pm Happens.,0.0,0.0,1.0,0.0
2,"Rocawear Heads to China, Building 300 Stores  - http://tinyurl.com/nofet3",0.0,0.0,1.0,0.0
2,"Climate focus turns to Beijing: The United Nations, the US and European governments have called on China to co-o.. http://tinyurl.com/lto92n",0.4215,0.128,0.872,0.0
2,myfoxdc Barrie Students Back from Trip to China: A Silver Spring high school's class trip to China has en.. http://tinyurl.com/nlhqba,0.0,0.0,1.0,0.0
2,"Three China aerospace giants develop Tianjin Binhai  New Area,  22.9 B yuan invested   http://bit.ly/mMiDv",0.0,0.0,1.0,0.0
2,http://xi.gs/04FO GM CEO: China will continue to be key partner,0.0,0.0,1.0,0.0
2,RT @LATimesautos is now the time to buy a GM car? http://bit.ly/nRzlu,0.0,0.0,1.0,0.0
0,Recovering from surgery..wishing @julesrenner was here :(,-0.4404,0.0,0.674,0.326
4,"My wrist still hurts. I have to get it looked at. I HATE the dr/dentist/scary places. :( Time to watch Eagle eye. If you want to join, txt!",-0.8491,0.099,0.596,0.304
2,Dentist tomorrow. Have to brush well in the morning. Like I make my hair all nice before I get it cut. Why?,0.6486,0.29,0.627,0.082
0,THE DENTIST LIED!  U WON'T FEEL ANY DISCOMORT! PROB WON'T EVEN NEED PAIN PILLS MAN U TWIPPIN THIS SHIT HURT!! HOW MANY PILLS CAN I TAKE!!,-0.9333,0.0,0.575,0.425
0,@kirstiealley my dentist is great but she's expensive...=(,0.3716,0.267,0.733,0.0
2,@kirstiealley Pet Dentist http://www.funnyville.com/fv/pictures/dogdentures.shtml,0.0,0.0,1.0,0.0
4,is studing math ;) tomorrow exam and dentist :),0.5994,0.412,0.588,0.0
0,my dentist was wrong... WRONG,-0.5904,0.0,0.511,0.489
0,Going to the dentist later.:|,0.0,0.0,1.0,0.0
0,Son has me looking at cars online.  I hate car shopping.  Would rather go to the dentist!  Anyone with a good car at a good price to sell?,0.3382,0.192,0.692,0.116
2,NCAA Baseball Super Regional - Rams Club http://bit.ly/Ro7nx,0.5994,0.394,0.606,0.0
2,just started playing Major League Baseball 2K9. http://raptr.com/H3LLGWAR,0.2023,0.205,0.795,0.0
2,Cardinals baseball advance to Super Regionals. Face CS-Fullerton Friday.,0.5994,0.328,0.672,0.0
2,Sony coupon code.. Expires soon.. http://www.coupondork.com/r/1796,0.0,0.0,1.0,0.0
2,waiting in line at safeway.,0.0,0.0,1.0,0.0
0,luke and i got stopped walking out of safeway and asked to empty our pockets and lift our shirts. how jacked up is that?,-0.4019,0.0,0.85,0.15
2,Did not realize there is a gym above Safeway!,0.0,0.0,1.0,0.0
2,@XPhile1908 I have three words for you: Safeway dot com,0.0,0.0,1.0,0.0
4,Safeway is very rock n roll tonight,0.0,0.0,1.0,0.0
2,Bout to hit safeway I gotta eat,0.0,0.0,1.0,0.0
2,Jake's going to safeway!,0.0,0.0,1.0,0.0
2,Found a safeway. Picking up a few staples.,0.0,0.0,1.0,0.0
2,Safeway Super-marketing via mobile coupons http://bit.ly/ONH7w,0.0,0.0,1.0,0.0
0,The safeway bathroom still smells like ass!,-0.3164,0.221,0.443,0.336
0,"At safeway on elkhorn, they move like they're dead!",-0.4753,0.177,0.497,0.326
2,Your Normal Weight (and How to Get There) ? Normal Eating Blog http://bit.ly/ZeT8O,0.0,0.0,1.0,0.0
2,Is Eating and Watching Movies....,0.0,0.0,1.0,0.0
2,eating sashimi,0.0,0.0,1.0,0.0
2,is eating  home made yema,0.0,0.0,1.0,0.0
2,eating cake,0.0,0.0,1.0,0.0
4,i love Dwight Howard's vitamin water commercial... now i wish he was with NIKE and not adidas. lol.,0.7762,0.388,0.512,0.1
0,Found NOTHING at Nike Factory :/ Off to Banana Republic Outlet! http://myloc.me/2zic,-0.4003,0.0,0.803,0.197
2,iPhone May Get Radio Tagging and Nike  : Recently-released iTunes version 8.2 suggests that VoiceOver functional.. http://tinyurl.com/oq5ctc,0.0,0.0,1.0,0.0
4,is lovin his Nike  already and that's only from running on the spot in his bedroom,0.0,0.0,1.0,0.0
2,Launched! http://imgsearch.net  #imgsearch #ajax #jquery #webapp,0.2003,0.264,0.736,0.0
4,@matthewcyan I finally got around to using jquery to make my bio collapse. Yay for slide animations.,0.0516,0.165,0.68,0.155
2,RT @jquery: The Ultimate jQuery List - http://jquerylist.com/,0.0,0.0,1.0,0.0
2,I just extracted and open-sourced a jQuery plugin from Stormweight to highlight text with a regular expression: http://bit.ly/ybJKb,0.34,0.146,0.854,0.0
2,@anna_debenham what was the php jquery hack?,0.0,0.0,1.0,0.0
2,jQuery Cheat Sheet http://www.javascripttoolbox.com/jquery/cheatsheet/,-0.4588,0.0,0.5,0.5
2,Beginning JavaScript and CSS Development with jQuery #javascript #css #jquery http://bit.ly/TO3e5,0.0,0.0,1.0,0.0
4,"@PDubyaD right!!! LOL we'll get there!! I have high expectations, Warren Buffet style.",0.6909,0.299,0.701,0.0
4,RT @blknprecious1: RT GREAT @dbroos Someone's sitting in the shade today because someone planted a tree a long time ago.- Warren Buffet,0.7034,0.203,0.797,0.0
2,Warren Buffet on the economy http://ping.fm/Lau0p,0.0,0.0,1.0,0.0
4,"Warren Buffet became (for a time) the richest man in the United States, not by working but investing in 1 Big idea which lead to the fortune",0.4767,0.151,0.849,0.0
4,"According to the create a school, Notre Dame will have 7 receivers in NCAA 10 at 84 or higher rating :) *sweet*",0.6249,0.221,0.779,0.0
2,All-Star Basketball Classic Tuesday Features Top Talent: Chattanooga's Notre Dame High School will play host.. http://bit.ly/qltJA,0.7184,0.35,0.65,0.0
4,@BlondeBroad it's definitely under warranty &amp; my experience is the amazon support for kindle is great! had to contact them about my kindle2,0.8883,0.377,0.623,0.0
2,"RT Look, Available !Amazon Kindle2 &amp; Kindle DX, Get it Here: http://short.to/87ub The Top Electronic Book Reader Period, free 2 day ship ...",0.0923,0.238,0.604,0.159
0,Time Warner Road Runner customer support here absolutely blows. I hate not having other high-speed net options. I'm ready to go nuclear.,0.0571,0.191,0.662,0.146
0,Time Warner cable phone reps r dumber than nails!!!!! UGH! Cable was working 10 mins ago now its not WTF!,-0.5554,0.135,0.597,0.269
0,@siratomofbones we tried but Time Warner wasn't being nice so we recorded today. :),0.2505,0.211,0.632,0.158
0,OMG - time warner f'ed up my internet install - instead of today  its now NEXT saturday - another week w/o internet! &amp;$*ehfa^V9fhg[*# fml.,0.0,0.0,1.0,0.0
0,"wth..i have never seen a line this loooong at time warner before, ugh.",-0.4215,0.0,0.797,0.203
0,Impatiently awaiting the arrival of the time warner guy. It's way too pretty to be inside all afternoon,0.128,0.146,0.731,0.123
2,Man accosts Roger Federer during French Open http://ff.im/3HCPT,0.0,0.0,1.0,0.0
0,Naive Bayes using EM for Text Classification. Really Frustrating...,-0.2732,0.0,0.792,0.208
4,We went to Stanford University today. Got a tour. Made me want to go back to college. It's also decided all of our kids will go there.,0.0772,0.049,0.951,0.0
2,Investigation pending on death of Stanford CS prof / Google mentor Rajeev Motwani http://bit.ly/LwOUR tip @techmeme,-0.5994,0.0,0.782,0.218
2,"I'm going to bed. It was a successful weekend. Stanford, here I come.",0.5859,0.275,0.725,0.0
0,"@KarrisFoxy If you're being harassed by calls about your car warranty, changing your number won't fix that. They call every number. #d-bags",-0.4404,0.104,0.757,0.139
0,Just blocked United Blood Services using Google Voice. They call more than those Car Warranty guys.,0.1779,0.148,0.741,0.111
0,#at&amp;t is complete fail.,-0.5423,0.0,0.462,0.538
0,@broskiii OH SNAP YOU WORK AT AT&amp;T DON'T YOU,0.0,0.0,1.0,0.0
0,@Mbjthegreat i really dont want AT&amp;T phone service..they suck when it comes to having a signal,-0.5268,0.0,0.732,0.268
0,"I say we just cut out the small talk: AT&amp;T's new slogan: F__k you, give us your money. (Apologies to Bob Geldof.)",-0.2732,0.0,0.905,0.095
0,pissed about at&amp;t's mid-contract upgrade price for the iPhone (it's $200 more) I'm not going to pay $499 for something I thought was $299,-0.5999,0.049,0.793,0.159
0,Safari 4 is fast :) Even on my shitty AT&amp;T tethering.,-0.1531,0.205,0.548,0.247
0,@ims What is AT&amp;T fucking up?,0.0,0.0,1.0,0.0
0,@springsingfiend @dvyers @sethdaggett @jlshack AT&amp;T dropped the ball and isn't supporting crap with the new iPhone 3.0... FAIL #att SUCKS!!!,-0.8613,0.075,0.553,0.371
0,"@MMBarnhill yay, glad you got the phone! Still, damn you, AT&amp;T.",0.6114,0.385,0.46,0.155
2,Google Wave Developer Sandbox Account Request http://bit.ly/2NYlc,0.0,0.0,1.0,0.0
0,"Talk is Cheap: Bing that, I?ll stick with Google. http://bit.ly/XC3C8",0.0,0.0,1.0,0.0
0,"@defsounds WTF is the point of deleting tweets if they can still be found in summize and searches? Twitter, please fix that. Thanks and bye",-0.0857,0.164,0.693,0.143
2,@mattcutts have google profiles stopped showing up in searches? cant see them anymore,-0.2263,0.0,0.863,0.137
4,@ArunBasilLal I love Google Translator too ! :D Good day mate !,0.9139,0.661,0.339,0.0
4,reading on my new Kindle2!,0.0,0.0,1.0,0.0
4,My Kindle2 came and I LOVE it! :),0.8491,0.622,0.378,0.0
4,LOVING my new Kindle2.  Named her Kendra in case u were wondering. The cookbook is THE tool cuz it tells u all the tricks!  Best gift EVR!,0.9156,0.354,0.603,0.043
0,The real AIG scandal / http://bit.ly/b82Px,-0.4404,0.0,0.58,0.42
2,Any twitter to aprs apps yet?,0.0,0.0,1.0,0.0
2,45 Pros You Should Be Following on Twitter - http://is.gd/sMbZ,0.0,0.0,1.0,0.0
4,Obama is quite a good comedian! check out his dinner speech on CNN :) very funny jokes.,0.9305,0.574,0.426,0.0
4,' Barack Obama shows his funny side  &gt;&gt; http://tr.im/l0gY !! Great speech..,0.8217,0.457,0.543,0.0
4,I like this guy : ' Barack Obama shows his funny side  &gt;&gt; http://tr.im/l0gY !!,0.717,0.374,0.626,0.0
4,Obama's speech was pretty awesome last night! http://bit.ly/IMXUM,0.8221,0.559,0.441,0.0
4,Reading  Bill Clinton Fail - Obama Win? http://tinyurl.com/pcyxj7,0.0772,0.309,0.407,0.285
4,Obama More Popular Than U.S. Among Arabs: Survey: President Barack Obama's popularity in leading Arab countries .. http://tinyurl.com/prlvqu,0.7346,0.279,0.721,0.0
4,Obama's got JOKES!! haha just got to watch a bit of his after dinner speech from last night... i'm in love with mr. president ;),0.9084,0.383,0.617,0.0
0,LEbron james got in a car accident i guess..just heard it on evening news...wow i cant believe it..will he be ok ? http://twtad.com/69750,-0.2263,0.099,0.762,0.139
4,is it me or is this the best the playoffs have been in years oh yea lebron and melo in the finals,0.6369,0.167,0.833,0.0
4,"@khalid0456 No, Lebron is the best",0.4588,0.404,0.385,0.212
4,@the_real_usher LeBron is cool.  I like his personality...he has good character.,0.7717,0.524,0.476,0.0
4,Watching Lebron highlights. Damn that niggas good,-0.296,0.242,0.333,0.425
4,@Lou911 Lebron is MURDERING shit.,-0.8636,0.0,0.258,0.742
4,@uscsports21 LeBron is a monsta and he is only 24. SMH The world ain't ready.,-0.6301,0.0,0.7,0.3
4,@cthagod when Lebron is done in the NBA he will probably be greater than Kobe. Like u said Kobe is good but there alot of 'good' players.,0.5346,0.192,0.808,0.0
4,KOBE IS GOOD BT LEBRON HAS MY VOTE,0.4404,0.293,0.707,0.0
0,Kobe is the best in the world not lebron .,0.6369,0.344,0.656,0.0
4,"@asherroth World Cup 2010 Access?? Damn, that's a good look!",0.2148,0.268,0.528,0.204
4,Just bought my tickets for the 2010 FIFA World Cup in South Africa. Its going to be a great summer. http://bit.ly/9GEZI,0.6249,0.177,0.823,0.0
2,Share: Disruption...Fred Wilson's slides for his talk at Google HQ  http://bit.ly/Bo8PG,0.296,0.18,0.82,0.0
0,I have to go to Booz Allen Hamilton for a 2hr meeting :(  But then i get to go home :),0.0258,0.137,0.731,0.132
4,"The great Indian tamasha truly will unfold from May 16, the result day for Indian General Election.",0.7906,0.318,0.682,0.0
4,"@crlane I have the Kindle2. I've seen pictures of the DX, but haven't seen it in person. I love my Kindle - I'm on it everyday.",0.6038,0.196,0.708,0.097
4,@criticalpath Such an awesome idea - the  continual learning program with a Kindle2  http://bit.ly/1ZLfF,0.6249,0.272,0.728,0.0
2,ok.. do nothing.. just thinking about 40D,0.0,0.0,1.0,0.0
4,"@faithbabywear Ooooh, what model are you getting??? I have the 40D and LOVE LOVE LOVE LOVE it!",0.9737,0.631,0.369,0.0
4,The Times of India: The wonder that is India's election. http://bit.ly/p7u1H,0.0,0.0,1.0,0.0
4,http://is.gd/ArUJ Good video from Google on using search options.,0.4404,0.266,0.734,0.0
0,@ambcharlesfield lol. Ah my skin is itchy :( damn lawnmowing.,-0.5994,0.17,0.364,0.467
0,itchy back!! dont ya hate it!,0.4164,0.388,0.401,0.211
4,Stanford Charity Fashion Show a top draw http://cli.gs/NeNuAH,0.5574,0.479,0.521,0.0
4,Stanford University?s Facebook Profile is One of the Most Popular Official University Pages - http://tinyurl.com/p5b3fl,0.4754,0.192,0.808,0.0
4,Lyx is cool.,0.3182,0.535,0.465,0.0
4,SOOO DISSAPOiNTED THEY SENT DANNY GOKEY HOME... YOU STiLL ROCK ...DANNY ... MY HOMETOWN HERO !! YEAH MiLROCKEE!!,0.8568,0.345,0.655,0.0
4,"RT @PassionModel 'American Idol' fashion: Adam Lambert tones down, Danny Gokey cute ... http://cli.gs/7JWSHV",0.4588,0.188,0.812,0.0
4,@dannygokey I love you DANNY GOKEY!! :),0.8309,0.661,0.339,0.0
2,RT @justindavey: RT @tweetmeme GM OnStar now instantly sends accident location coordinates to 911 | GPS Obsessed http://bit.ly/16szL1,-0.5859,0.0,0.758,0.242
0,so tired. i didn't sleep well at all last night.,-0.6133,0.0,0.583,0.417
0,Boarding plane for San Francisco in 1 hour; 6 hr flight. Blech.,0.0,0.0,1.0,0.0
0,bonjour San Francisco. My back hurts from last night..,-0.4767,0.0,0.721,0.279
2,"breakers. in San Francisco, CA http://loopt.us/4v88Bw.t",0.0,0.0,1.0,0.0
2,Heading to San Francisco,0.0,0.0,1.0,0.0
4,With my best girl for a few more hours in San francisco. Mmmmmfamily is wonderful!,0.8478,0.406,0.594,0.0
0,"F*** up big, or go home - AIG",0.0,0.0,1.0,0.0
4,Went to see the Star Trek movie last night.  Very satisfying.,0.5095,0.248,0.752,0.0
4,"I can't wait, going to see star trek tonight!!",0.0,0.0,1.0,0.0
4,Star Trek was as good as everyone said!!,0.5399,0.332,0.668,0.0
4,am loving new malcolm gladwell book - outliers,0.5994,0.394,0.606,0.0
4,I highly recommend Malcolm Gladwell's 'The Tipping Point.' My next audiobook will probably be one of his as well.,0.5984,0.234,0.766,0.0
0,Malcolm Gladwell is a genius at tricking people into not realizing he's a fucking idiot,-0.5413,0.07,0.701,0.229
0,"@sportsguy33 hey no offense but malcolm gladwell is a pretenious, annoying cunt and he brings you down. cant read his shit",-0.7239,0.13,0.503,0.367
4,RT @clashmore: http://bit.ly/SOYv7  Great article by Malcolm Gladwell.,0.6249,0.369,0.631,0.0
4,I seriously underestimated Malcolm Gladwell.  I want to meet this dude.,-0.3612,0.117,0.541,0.342
0,i hate comcast right now. everything is down cable internet &amp; phone....ughh what am i to do,-0.5719,0.0,0.791,0.209
0,Comcast sucks.,-0.3612,0.0,0.286,0.714
0,The day I never have to deal with Comcast again will rank as one of the best days of my life.,0.6369,0.181,0.819,0.0
0,@Dommm did comcast fail again??,-0.594,0.0,0.509,0.491
2,How do you use the twitter API?... http://bit.ly/4VBhH,0.0,0.0,1.0,0.0
0,curses the Twitter API limit,0.0,0.0,1.0,0.0
0,"Now I can see why Dave Winer screams about lack of Twitter API, its limitations and access throttles!",-0.5848,0.0,0.758,0.242
2,testing Twitter API,0.0,0.0,1.0,0.0
0,Arg. Twitter API is making me crazy.,-0.34,0.0,0.714,0.286
2,Testing Twitter API. Remote Update,0.0,0.0,1.0,0.0
4,I'm really loving the new search site Wolfram/Alpha. Makes Google seem so ... quaint. http://www72.wolframalpha.com/,0.6361,0.23,0.77,0.0
0,"#wolfram Alpha SUCKS! Even for researchers the information provided is less than you can get from #google or #wikipedia, totally useless!",-0.7851,0.0,0.733,0.267
4,Off to the NIKE factory!!!,0.0,0.0,1.0,0.0
4,New nike muppet commercials are pretty cute. Why do we live together again?,0.7351,0.36,0.64,0.0
2,New blog post: Nike Zoom LeBron Soldier 3 (III) - White / Black - Teal http://bit.ly/rouUS,0.0,0.0,1.0,0.0
2,New blog post: Nike Trainer 1 http://bit.ly/394bp,0.0,0.0,1.0,0.0
0,@Fraggle312 oh those are awesome! i so wish they weren't owned by nike :(,0.717,0.379,0.481,0.14
4,@tonyhawk http://twitpic.com/5c7uj - AWESOME!!! Seeing the show Friday at the Shoreline Amphitheatre. Never seen NIN before. Can't wait. ...,0.7723,0.251,0.749,0.0
0,"arhh, It's weka bug. = = and I spent almost two hours to find that out. crappy me",-0.5574,0.0,0.795,0.205
4,"@mitzs hey bud :) np I do so love my 50D, although I'd love a 5D mkII more",0.937,0.545,0.455,0.0
4,@jonduenas @robynlyn just got us a 50D for the office. :D,0.6166,0.309,0.691,0.0
4,Just picked up my new Canon 50D...it's beautiful!!  Prepare for some seriously awesome photography!,0.8472,0.411,0.51,0.079
4,Just got my new toy. Canon 50D. Love love love it!,0.9312,0.617,0.383,0.0
4,Learning about lambda calculus :),0.4588,0.429,0.571,0.0
2,"#jobs #sittercity Help with taking care of sick child (East Palo Alto, CA) http://tinyurl.com/qwrr2m",0.3818,0.292,0.545,0.163
4,I'm moving to East Palo Alto!,0.0,0.0,1.0,0.0
4,@ atebits I just finished watching your Stanford iPhone Class session. I really appreciate it. You Rock!,0.5081,0.202,0.798,0.0
4,@jktweet Hi! Just saw your Stanford talk and really liked your advice. Just saying Hi from Singapore (yes the videos do get around),0.5244,0.133,0.867,0.0
2,#MBA Admissions Tips Stanford GSB Deadlines and Essay Topics 2009-2010 http://tinyurl.com/pet4fd,0.0,0.0,1.0,0.0
2,Ethics and nonprofits - http://bit.ly/qsXRp  #stanford #socialentrepreneurship,0.0,0.0,1.0,0.0
4,LAKERS tonight let's go!!!!,0.0,0.0,1.0,0.0
4,Will the Lakers kick the Nuggets ass tonight?,-0.5423,0.0,0.667,0.333
0,Oooooooh... North Korea is in troubleeeee! http://bit.ly/19epAH,0.0,0.0,1.0,0.0
0,Wat the heck is North Korea doing!!??!! They just conducted powerful nuclear tests! Follow the link: http://www.msnbc.msn.com/id/30921379,0.6517,0.213,0.787,0.0
0,Listening to Obama... Friggin North Korea...,0.0,0.0,1.0,0.0
0,"I just realized we three monkeys in the white Obama.Biden,Pelosi . Sarah Palin 2012",0.0,0.0,1.0,0.0
0,@foxnews Pelosi should stay in China and never come back.,0.0,0.0,1.0,0.0
0,Nancy Pelosi gave the worst commencement speech I've ever heard. Yes I'm still bitter about this,-0.6369,0.119,0.575,0.305
0,ugh. the amount of times these stupid insects have bitten me. Grr..,-0.7351,0.0,0.617,0.383
4,Prettiest insects EVER - Pink Katydids: http://bit.ly/2Upw2p,0.5719,0.425,0.575,0.0
0,Just got barraged by a horde of insects hungry for my kitchen light. So scary.,-0.5413,0.0,0.788,0.212
4,Just had McDonalds for dinner. :D It was goooood. Big Mac Meal. ;),0.7125,0.35,0.65,0.0
4,AHH YES LOL IMA TELL MY HUBBY TO GO GET ME SUM MCDONALDS =],0.8613,0.465,0.535,0.0
4,Stopped to have lunch at McDonalds. Chicken Nuggetssss! :) yummmmmy.,0.3382,0.25,0.606,0.144
4,Could go for a lot of McDonalds. i mean A LOT.,0.0,0.0,1.0,0.0
4,my exam went good. @HelloLeonie: your prayers worked (:,0.7269,0.466,0.534,0.0
4,"Only one exam left, and i am so happy for it :D",0.8681,0.494,0.506,0.0
0,Math review. Im going to fail the exam.,-0.5423,0.0,0.667,0.333
0,Colin Powell rocked yesterday on CBS. Cheney needs to shut the hell up and go home.Powell is a man of Honor and served our country proudly,0.296,0.204,0.659,0.138
0,obviously not siding with Cheney here: http://bit.ly/19j2d,0.0,0.0,1.0,0.0
4,Absolutely hilarious!!! from @mashable:  http://bit.ly/bccWt,0.5952,0.492,0.508,0.0
4,@mashable I never did thank you for including me in your Top 100 Twitter Authors! You Rock! (&amp; I New Wave :-D) http://bit.ly/EOrFV,-0.2249,0.077,0.809,0.115
2,Learning jQuery 1.3 Book Review - http://cfbloggers.org/?c=30629,0.0,0.0,1.0,0.0
4,RT @shrop: Awesome JQuery reference book for Coda! http://www.macpeeps.com/coda/ #webdesign,0.6588,0.328,0.672,0.0
4,I've been sending e-mails like crazy today to my contacts...does anyone have a contact at Goodby SIlverstein...I'd love to speak to them,0.6486,0.247,0.664,0.089
2,Adobe CS4 commercial by Goodby Silverstein: http://bit.ly/1aikhF,0.0,0.0,1.0,0.0
4,"Goodby, Silverstein's new site... http://www.goodbysilverstein.com/ I enjoy it.",0.4939,0.348,0.652,0.0
4,Wow everyone at the Google I/O conference got free G2's with a month of unlimited service,0.7964,0.353,0.647,0.0
4,@vkerkez dood I got a free google android phone at the I/O conference. The G2!,0.5562,0.23,0.77,0.0
4,"@Orli the G2 is amazing btw, a HUGE improvement over the G1",0.918,0.649,0.351,0.0
4,"HTML 5 Demos! Lots of great stuff to come! Yes, I'm excited. :) http://htmlfive.appspot.com #io2009 #googleio",0.915,0.538,0.462,0.0
4,@googleio http://twitpic.com/62shi - Yay! Happy place! Place place!  I love Google!,0.9256,0.675,0.325,0.0
4,#GoogleIO | O3D - Bringing 3d graphics to the browser. Very nice tbh. Funfun.,0.4754,0.219,0.781,0.0
4,Awesome viral marketing for Funny People http://www.nbc.com/yo-teach/,0.7906,0.583,0.417,0.0
2,"Watching a programme about the life of Hitler, its only enhancing my geekiness of history.",0.0,0.0,1.0,0.0
0,saw night at the museum out of sheer desperation. who is funding these movies?,-0.4588,0.0,0.812,0.188
4,Night At The Museum 2? Pretty furkin good.,0.7269,0.504,0.496,0.0
4,Watching Night at the Museum - giggling.,0.3612,0.333,0.667,0.0
2,"@pambeeslyjenna Jenna, I went to see Night At The Museum 2 today and I was so surprised to see three cast members from The Office...",0.3593,0.106,0.894,0.0
2,About to watch Night at the Museum with Ryan and Stacy,0.0,0.0,1.0,0.0
2,"Getting ready to go watch Night at the Museum 2.  Dum dum, you give me gum gum!",0.4199,0.149,0.851,0.0
0,"Back from seeing 'Star Trek' and 'Night at the Museum.' 'Star Trek' was amazing, but 'Night at the Museum' was; eh.",0.34,0.107,0.893,0.0
4,just watched night at the museum 2! so stinkin cute!,0.5944,0.3,0.7,0.0
4,"So, Night at the Museum 2 was AWESOME! Much better than part 1. Next weekend we'll see Up.",0.8412,0.349,0.651,0.0
2,I think I may have a new favorite restaurant. On our way to see Night at the Museum 2.,0.4588,0.167,0.833,0.0
2,"UP! was sold out, so i'm seeing Night At The Museum 2. I'm __ years old.",0.0,0.0,1.0,0.0
4,saw the new Night at the Museum and i loved it. Next is to go see UP in 3D,0.5994,0.187,0.813,0.0
0,It is a shame about GM. What if they are forced to make only cars the White House THINKS will sell? What do you think?,-0.755,0.0,0.773,0.227
0,"As u may have noticed, not too happy about the GM situation, nor AIG, Lehman, et al",-0.4585,0.0,0.833,0.167
2,Obama: Nationalization of GM to be short-term   (AP) http://tinyurl.com/md347r,0.0,0.0,1.0,0.0
0,@Pittstock $GM good riddance.  sad though.,-0.0516,0.29,0.4,0.31
0,"I Will NEVER Buy a Government Motors Vehicle: Until just recently, I drove GM cars. Since 1988, when I bought a .. http://tinyurl.com/lulsw8",0.0,0.0,1.0,0.0
0,Having the old Coca-Cola guy on the GM board is stupid has heck! #tcot #ala,-0.5707,0.0,0.791,0.209
0,#RantsAndRaves The worst thing about GM (concord / pleasant hill / martinez): is the fucking UAW. ..   http://buzzup.com/4ueb,-0.2023,0.154,0.654,0.192
0,"Give a man a fish, u feed him for the day. Teach him to fish, u feed him for life. Buy him GM, and u F**K him over for good.",0.4404,0.108,0.892,0.0
0,"The more I hear about this GM thing the more angry I get. Billions wasted, more bullshit. All for something like 40k employees and all the..",-0.855,0.075,0.599,0.326
0,@QuantTrader i own a GM car and it is junk as far as quality compared to a honda,0.0,0.0,1.0,0.0
0,sad day...bankrupt GM,-0.4767,0.0,0.392,0.608
0,is upset about the whole GM thing. life as i know it is so screwed up,-0.7728,0.0,0.659,0.341
0,whoever is running time warner needs to be repeatedly raped by a rhino so they understand the consequences of putting out shitty cable svcs,-0.8481,0.0,0.719,0.281
2,"Time Warner CEO hints at online fees for magazines      (AP) - Read from Mountain View,United States. Views 16209 http://bit.ly/UdFCH",0.0,0.0,1.0,0.0
0,#WFTB Joining a bit late. My connection was down (boo time warner),0.0,0.0,1.0,0.0
0,Cox or Time Warner?  Cox is cheaper and gets a B on dslreports.  TW is more expensive and gets a C.,0.0,0.0,1.0,0.0
0,i am furious with time warner and their phone promotions!,-0.6114,0.0,0.667,0.333
0,Just got home from chick-fil-a with the boys. Damn my internets down =( stupid time warner,-0.7269,0.0,0.697,0.303
0,could time-warner cable suck more?  NO.,-0.7291,0.0,0.395,0.605
0,Pissed at Time Warner for causin me to have slow internet problems,-0.7845,0.0,0.592,0.408
0,"@sportsguy33 Ummm, having some Time Warner problems?",-0.4019,0.0,0.69,0.31
0,You guys see this?  Why does Time Warner have to suck so much ass?  Really wish I could get U-Verse at my apartment. http://bit.ly/s594j,-0.6181,0.1,0.666,0.234
0,"RT @sportsguy33 The upside to Time Warner: unhelpful phone operators   superslow on-site service. Crap, that's not an upside.",-0.3818,0.0,0.867,0.133
0,"RT @sportsguy33: New Time Warner slogan: Time Warner, where we make you long for the days before cable.",0.0,0.0,1.0,0.0
0,"confirmed: it's Time Warner's fault, not Facebook's, that fb is taking about 3 minutes to load. so tempted to switch to verizon =/",-0.6249,0.0,0.797,0.203
0,@sportsguy33 Time Warner = epic fail,-0.5423,0.0,0.533,0.467
2,Lawson to head Newedge Hong Kong http://bit.ly/xLQSD #business #china,0.0,0.0,1.0,0.0
2,Weird Piano Guitar House in China! http://u2s.me/72i8,-0.2481,0.0,0.751,0.249
2,Send us your GM/Chevy photos http://tinyurl.com/luzkpq,0.0,0.0,1.0,0.0
0,I know. How sad is that?  RT @caseymercier: 1st day of hurricane season. That's less scarey than govt taking over GM.,-0.6712,0.0,0.766,0.234
0,"GM files Bankruptcy, not a good sign...",-0.3412,0.0,0.675,0.325
4,yankees won mets lost. its a good day.,0.6486,0.512,0.31,0.178
4,My dentist appt today was actually quite enjoyable.,0.4927,0.313,0.687,0.0
0,I hate the effing dentist.,-0.5719,0.0,0.448,0.552
2,@stevemoakler i had a dentist appt this morning and had the same conversation!,0.0,0.0,1.0,0.0
0,@kirstiealley I hate going to the dentist.. !!!,-0.6784,0.0,0.567,0.433
0,i hate the dentist....who invented them anyways?,-0.5719,0.0,0.575,0.425
0,this dentist's office is cold :/,-0.34,0.0,0.676,0.324
2,Check this video out -- David After Dentist http://bit.ly/47aW2,0.0,0.0,1.0,0.0
2,First dentist appointment [in years] on Wednesday possibly.,0.0,0.0,1.0,0.0
2,Tom Shanahan's latest column on SDSU and its NCAA Baseball Regional appearance: http://ow.ly/axhu,0.0,0.0,1.0,0.0
2,BaseballAmerica.com: Blog: Baseball America Prospects Blog ? Blog ... http://bit.ly/EtT8a,0.296,0.216,0.784,0.0
2,Portland city politics may undo baseball park http://tinyurl.com/lpjquj,0.0,0.0,1.0,0.0
2,"RT @WaterSISWEB: CA Merced's water bottled by Safeway, resold at a profit: Wells are drying up across the county http://tinyurl.com/mb573s",0.5994,0.224,0.776,0.0
2,dropped her broccoli walking home from safeway! ;( so depressed,-0.674,0.0,0.665,0.335
2,@ronjon we don't have Safeway.,0.0,0.0,1.0,0.0
4,Just applied at Safeway!(: Yeeeee!,0.0,0.0,1.0,0.0
0,@ Safeway. Place is a nightmare right now. Bumming.,0.0,0.0,1.0,0.0
2,at safeway with dad,0.0,0.0,1.0,0.0
0,"HATE safeway select green tea icecream! bought two cartons, what a waste of money.  &gt;_&lt;",-0.8188,0.0,0.615,0.385
2,"Safeway with Marvin, Janelle, and Auntie Lhu",0.0,0.0,1.0,0.0
2,Safeway offering mobile coupons http://bit.ly/ONH7w,0.0,0.0,1.0,0.0
2,"Phillies Driving in the Cadillac with the Top Down in Cali, Win 5-3 - http://tinyurl.com/nzcjqa",0.6808,0.318,0.682,0.0
2,Saved money by opting for grocery store trip and stocking food in hotel room fridge vs. eating out every night while out of town.,0.4215,0.109,0.891,0.0
2,"Lounging around, eating Taco Bell and watching NCIS before work tonight. Need help staying awake.",0.4019,0.162,0.838,0.0
2,eating breakfast and then school,0.0,0.0,1.0,0.0
2,still hungry after eating....,0.0,0.0,1.0,0.0
2,10 tips for healthy eating ? ResultsBy Fitness Blog :: Fitness ... http://bit.ly/62gFn,0.7096,0.434,0.566,0.0
2,"with the boyfriend, eating a quesadilla",0.0,0.0,1.0,0.0
2,"Eating dinner. Meat, chips, and risotto.",0.0,0.0,1.0,0.0
2,got a new pair of nike shoes. pics up later,0.0,0.0,1.0,0.0
2,Nike SB Blazer High ACG Custom - Brad Douglas - http://timesurl.at/45a448,0.0,0.0,1.0,0.0
4,Nike rocks. I'm super grateful for what I've done with them :) &amp; the European Division of NIKE is BEYOND! @whitSTYLES @muchasmuertes,0.8805,0.349,0.651,0.0
2,Nike Air Yeezy Khaki/Pink Colorway Release - http://shar.es/bjfN,0.0,0.0,1.0,0.0
4,@evelynbyrne have you tried Nike  ? V. addictive.,0.0,0.0,1.0,0.0
2,@erickoston That looks an awful lot like one of Nike's private jets....I'm just sayin....,-0.128,0.143,0.686,0.171
4,The Nike Training Club (beta) iPhone app looks very interesting.,0.4576,0.25,0.75,0.0
0,argghhhh why won't  my jquery appear in safari bad safari !!!,-0.6571,0.0,0.696,0.304
2,DevSnippets : jQuery Tools - Javascript UI Components for the Web... http://inblogs.org/go/hfuqt,0.0,0.0,1.0,0.0
2,"all about Ajax,jquery ,css ,JavaScript and more... (many examples) http://ajaxian.com/",0.0,0.0,1.0,0.0
4,"I'm ready to drop the pretenses, I am forever in love with jQuery, and I want to marry it. Sorry ladies, this nerd is jquery.spokenFor.js",0.5267,0.261,0.556,0.183
2,This is cold.. I was looking at google's chart//visualization API and found this jQuery wrapper for the API...  http://tinyurl.com/mq52bq,0.0,0.0,1.0,0.0
2,I spent most of my day reading a jQuery book. Now to start drinking some delirium tremens.,0.0,0.0,1.0,0.0
2,jquery Selectors http://codylindley.com/jqueryselectors/,0.0,0.0,1.0,0.0
2,How to implement a news ticker with jQuery and ten lines of code http://bit.ly/CZnFJ,0.0,0.0,1.0,0.0
2,What's Buffet Doing? Warren Buffett Kicks Butt In Battle of the Boots: Posted By:Alex Crippe.. http://bit.ly/AUIzO,-0.3818,0.0,0.852,0.148
4,"SUPER INVESTORS: A great weekend read here from Warren Buffet. Oldie, but a goodie. http://tinyurl.com/oqxgga",0.656,0.328,0.672,0.0
2,I'm truly braindead.  I couldn't come up with Warren Buffet's name to save my soul,0.7269,0.337,0.663,0.0
4,"reading Michael Palin book, The Python Years...great book. I also recommend Warren Buffet &amp; Nelson Mandela's bio",0.3612,0.143,0.857,0.0
4,"I mean, I'm down with Notre Dame if I have to.  It's a good school, I'd be closer to Dan, I'd enjoy it.",0.7269,0.253,0.747,0.0
0,"I can't watch TV without a Tivo.  And after all these years, the Time/Warner DVR  STILL sucks. http://www.davehitt.com/march03/twdvr.html",-0.3612,0.0,0.857,0.143
4,I'd say some sports writers are idiots for saying Roger Federer is one of the best ever in Tennis.  Roger Federer is THE best ever in Tennis,0.8555,0.251,0.749,0.0
0,I still love my Kindle2 but reading The New York Times on it does not feel natural. I miss the Bloomingdale ads.,0.1533,0.178,0.71,0.111
4,I love my Kindle2. No more stacks of books to trip over on the way to the loo.,0.4588,0.196,0.701,0.103
0,"Although today's keynote rocked, for every great announcement, AT&amp;T shit on us just a little bit more.",0.128,0.189,0.645,0.166
0,"@sheridanmarfil - its not so much my obsession with cell phones, but the iphone!  i'm a slave to at&amp;t forever because of it. :)",0.5362,0.164,0.766,0.07
2,@freitasm oh I see. I thought AT&amp;T were 900MHz WCDMA?,0.0,0.0,1.0,0.0
2,@Plip Where did you read about tethering support Phil?  Just AT&amp;T or will O2 be joining in?,0.4696,0.161,0.839,0.0
0,Fuzzball is more fun than AT&amp;T ;P http://fuzz-ball.com/twitter,0.5563,0.339,0.661,0.0
0,"Today is a good day to dislike AT&amp;T. Vote out of office indeed, @danielpunkass",0.0772,0.176,0.667,0.158
4,GOT MY WAVE SANDBOX INVITE! Extra excited! Too bad I have class now... but I'll play with it soon enough! #io2009 #wave,0.624,0.276,0.639,0.085
0,looks like summize has gone down. too many tweets from WWDC perhaps?,0.3612,0.185,0.815,0.0
2,I hope the girl at work  buys my Kindle2,0.4404,0.293,0.707,0.0
2,Missed this insight-filled May column: One smart guy looking closely at why he's impressed with Kindle2 http://bit.ly/i0peY @wroush,0.5574,0.252,0.652,0.096
4,"@sklososky Thanks so much!!! ...from one of your *very* happy Kindle2 winners ; ) I was so surprised, fabulous. Thank you! Best, Kathleen",0.9742,0.646,0.354,0.0
0,Man I kinda dislike Apple right now. Case in point: the iPhone 3GS. Wish there was a video recorder app. Please?? http://bit.ly/DZm1T,0.4684,0.217,0.689,0.094
4,@cwong08 I have a Kindle2 (&amp; Sony PRS-500). Like it! Physical device feels good. Font is nice. Pg turns are snappy enuf. UI a little klunky.,0.8172,0.298,0.702,0.0
4,"The #Kindle2 seems the best eReader, but will it work in the UK and where can I get one?",0.3818,0.133,0.867,0.0
4,"I have a google addiction. Thank you for pointing that out, @annamartin123. Hahaha.",0.7269,0.404,0.596,0.0
2,@ruby_gem My primary debit card is Visa Electron.,0.0,0.0,1.0,0.0
2,Off to the bank to get my new visa platinum card,0.0,0.0,1.0,0.0
0,"dearest @google, you rich bastards! the VISA card you sent me doesn't work. why screw a little guy like me?",0.7193,0.38,0.483,0.138
2,has a date with bobby flay and gut fieri from food network,0.0,0.0,1.0,0.0
4,Excited about seeing Bobby Flay and Guy Fieri tomorrow at the Great American Food &amp; Music Fest!,0.7777,0.312,0.688,0.0
4,Gonna go see Bobby Flay 2moro at Shoreline. Eat and drink. Gonna be good.,0.4404,0.182,0.818,0.0
4,can't wait for the great american food and music festival at shoreline tomorrow.  mmm...katz pastrami and bobby flay. yes please.,0.9062,0.435,0.565,0.0
4,"My dad was in NY for a day, we ate at MESA grill last night and met Bobby Flay. So much fun, except I completely lost my voice today.",0.2466,0.115,0.802,0.083
0,Fighting with LaTex. Again...,-0.3612,0.0,0.545,0.455
0,@Iheartseverus we love you too and don't want you to die!!!!!!  Latex = the devil,-0.3798,0.191,0.5,0.309
0,"7 hours. 7 hours of inkscape crashing, normally solid as a rock. 7 hours of LaTeX complaining at the slightest thing. I can't take any more.",-0.0516,0.071,0.848,0.08
2,How to Track Iran with Social Media: http://bit.ly/2BoqU,0.0,0.0,1.0,0.0
0,Shit's hitting the fan in Iran...craziness indeed #iranelection,0.3182,0.247,0.753,0.0
0,Monday already. Iran may implode. Kitchen is a disaster. @annagoss seems happy. @sebulous had a nice weekend and @goldpanda is great. whoop.,0.7579,0.345,0.521,0.134
2,Twitter Stock buzz: $AAPL $ES_F $SPY $SPX $PALM  (updated: 12:00 PM),0.0,0.0,1.0,0.0
4,getting ready to test out some burger receipes this weekend. Bobby Flay has some great receipes to try. Thanks Bobby.,0.8591,0.358,0.642,0.0
2,@johncmayer is Bobby Flay joining you?,0.0,0.0,1.0,0.0
4,i lam so in love with Bobby Flay... he is my favorite. RT @terrysimpson: @bflay you need a place in Phoenix. We have great peppers here!,0.9165,0.361,0.639,0.0
0,"I just created my first LaTeX file from scratch. That didn't work out very well. (See @amandabittner , it's a great time waster)",0.8173,0.333,0.667,0.0
4,using Linux and loving it - so much nicer than windows... Looking forward to using the wysiwyg latex editor!,0.8111,0.315,0.685,0.0
4,"After using LaTeX a lot, any other typeset mathematics just looks hideous.",0.0,0.0,1.0,0.0
2,Ask Programming: LaTeX or InDesign?: submitted by calcio1 [link] [1 comment] http://tinyurl.com/myfmf7,0.0,0.0,1.0,0.0
0,"On that note, I hate Word. I hate Pages. I hate LaTeX. There, I said it. I hate LaTeX. All you TEXN3RDS can come kill me now.",-0.9661,0.0,0.466,0.534
4,Ahhh... back in a *real* text editing environment. I &lt;3 LaTeX.,0.0,0.0,1.0,0.0
0,"Trouble in Iran, I see. Hmm. Iran. Iran so far away. #flockofseagullsweregeopoliticallycorrect",-0.4019,0.0,0.787,0.213
0,Reading the tweets coming out of Iran... The whole thing is terrifying and incredibly sad...,-0.5719,0.0,0.791,0.209
